148.93516373634338,-3.848790806867143,23.046580911100108,-34.38134208530599,-6.948675160575789,-132.94063851983222,-142.9335629418498,3,-5.875435796200094,20.95582847735001,-16.755840717725157,145.83521599323996,104.5208028183543,156.78660739824352,0,72.87552375662169,84.24515980450715,90.71482732843914,-13.719741635512962,50.24899607143945,-151.30360101591552,False
149.40889716148376,39.69470276606519,12.58181211547818,8.664442052147493,-31.80852042880184,49.04101005516637,-88.98041735903169,1,-27.042628897134307,-25.97314585922171,23.68089960129352,116.77876342816927,-15.318601892480643,85.40778284073394,3,84.42860704737964,55.8485219434386,148.41818588757997,-136.65747945424945,26.288179484132105,104.02570882712637,False
150.14792251586914,39.69470276606519,12.58181211547818,8.664442052147493,-31.80852042880184,49.04101005516637,-88.98041735903169,1,-27.042628897134307,-25.97314585922171,23.68089960129352,116.77876342816927,-15.318601892480643,85.40778284073394,3,84.42860704737964,55.8485219434386,148.41818588757997,-136.65747945424945,26.288179484132105,104.02570882712637,False
150.5069625377655,-8.841385041617123,-26.542479751517014,-4.668253998311556,-168.54825057033156,-108.30605492188407,-135.679560916419,2,-7.156021102725077,10.826049788969748,-5.2677190853743525,-6.614600007657373,152.40879239843628,-66.53528094902632,4,59.84950261085002,85.82749715322461,117.10197523323237,-74.42778480459386,16.791853561178822,-42.5224639328867,False
151.24399328231812,30.990351476606094,-22.42820420965885,-13.436149671798177,77.27724394354709,-7.625994866512201,-138.9681820877322,4,31.109966615553574,-32.264581213172306,35.91279242926426,-41.65148453444098,-38.06807588596044,-70.80727725253976,2,71.88460256046572,18.518079022060775,54.38998550031073,-125.23271159473028,-43.46807111141178,-92.40399886464456,False
151.73868775367737,33.42453955968985,-10.169164091740281,-4.046481632707156,-78.9970423743126,106.84918440750789,136.10753911551842,0,13.388101064508703,20.664344174646907,-8.512788956311958,100.64063569363407,-160.37294532496585,-120.17123881305088,4,65.79180126492486,117.96874887977457,81.7888971783814,-58.572066080333556,31.370040671134895,146.21468166556585,False
152.11398768424988,-21.112434426938663,30.648791911558163,11.921925466246826,91.51441562783617,106.38340637276474,-28.844898577109205,3,-1.0355216865386296,-13.80726889339001,-27.671965900963595,76.432696483217,139.98445103567468,96.88541687207828,1,145.5452793611603,108.37499734011898,59.232553738186155,136.72325669545702,41.04369695462139,-152.65262402435832,False
152.43513083457947,9.180298884382069,-12.730682502057064,9.43238870703297,45.37830981248817,-106.21942844643951,-85.85301837406743,2,12.67467481682101,-23.346076023327154,-29.96957270141788,-146.23041113734814,-124.92442871912786,130.8827099691677,0,70.90062686967943,74.05235280647173,81.69573460818545,-127.99456048251673,-48.57876242417041,178.0700509517831,False
152.83905029296875,-23.163471964109714,19.582012828749825,33.19331208652929,17.225204514951997,85.1127134180739,134.09091354830394,4,17.820341886013054,14.228051932529311,29.91333081880093,160.82572570370132,4.6033756563467705,61.942558054090824,2,81.77603782025204,109.96636706549205,65.15540540416946,54.97051415336645,-54.758140986213355,-165.0900168051414,False
153.20606970787048,-28.556919787651456,34.23830291633365,-24.956268509164452,-98.21355702865218,18.122562794665356,100.90734739960618,3,27.56288409734168,-1.5208383731455797,-2.987818156968288,-11.721802398295296,85.11479022962976,122.66235493218261,4,91.6477860059154,61.5817711078358,56.19959243136077,102.42476747517999,-12.266568780762821,19.36581936806928,False
153.42548274993896,-27.4656038112133,4.581792696097828,18.27533471262535,147.331479846427,30.199166382871994,-66.45973898895568,0,21.58764688907823,24.171325248671465,-20.840028265792103,-151.6557794579198,-126.53577548511447,-143.0722912474652,1,96.33675443779612,30.272245179458437,115.35397352096393,70.365160826721,57.52571953665001,-70.67875530551349,False
153.72268962860107,-39.583930830241,-10.773530806178854,28.879162681710255,-81.42899048182164,-112.08617279328729,14.550474681636956,2,2.914323445203557,30.734459469413252,20.63793329237982,81.75983119842954,68.74497722661084,-176.60766718613942,2,36.37386525733105,161.4282496481216,121.62368333340493,-84.36039209688481,-25.544556741597166,3.653093324679341,False
153.960054397583,-34.3546293263119,-26.757390877369602,35.689059954890766,166.0927644897357,26.356850118179125,89.74039777520045,1,-4.626797445079788,-5.520838889257938,-8.184820265727481,-145.7066370656103,-49.1231302268134,-65.7590584042704,4,32.576742202025144,117.04370957505463,65.11317278130932,-48.11795344933475,58.203988510301194,60.33871555084258,False
154.3180959224701,-32.468375496755655,25.63258398117503,-30.943206735821562,-129.10418361804193,19.681995821369043,15.108722340285993,3,-16.800522110074283,-36.599093926687075,-37.95036365732266,3.7162175446576953,-28.961182461707637,-86.96708658472247,2,95.48732903927609,156.12924144300453,123.32621779546535,-102.14057988938897,15.191712267538795,37.48963634933302,False
154.72800207138062,12.22014290522138,-22.41645909838944,-31.821220723960835,18.604250770416883,178.26256157943743,-86.67294124307243,1,-5.721556400893277,10.731724062576944,12.46912902025202,-145.50484546383035,106.8310151237302,90.42739237043833,1,28.765390538346324,125.20321995831756,103.05254367952628,102.32311664387922,26.60246504168753,-14.111394773524516,False
155.04315876960754,29.001961224347326,20.202963733991993,11.161156735931037,-10.78043378311284,-169.83334898863478,165.61386894523997,1,23.36061400313595,-12.573342513291799,-34.81607108838007,-106.3307835005097,156.61418382786917,-62.10476518076845,4,111.95218920083603,61.542477446420705,98.23669281497587,30.922006031431287,6.376836224664906,-144.82752237288102,False
155.40818643569946,12.803922673865102,-32.513547884054915,14.084063738790384,-28.78130135941376,-127.46677056989482,-86.57270833090826,2,19.143880891921548,31.362708194407503,20.763714525997123,48.95308960781264,0.20105927602011775,154.33801022018662,4,0.3456678933877697,177.49952401626524,38.45294011892147,-48.04230877967005,-40.60797290784639,7.016269219753402,False
155.67546844482422,-3.053787185442083,12.453949668778108,11.694576598551421,-122.58274417643449,-109.64325780189793,121.68605324880082,1,22.607182341318122,-7.763462783300916,21.651815883049295,-56.715100024825546,48.026060391464256,-2.2189400767653353,1,40.81331353048404,52.91337563465338,65.35948614815068,-160.14220819013445,-15.72438998700535,-13.99543524828059,False
155.91383409500122,-3.053787185442083,12.453949668778108,11.694576598551421,-122.58274417643449,-109.64325780189793,121.68605324880082,1,22.607182341318122,-7.763462783300916,21.651815883049295,-56.715100024825546,48.026060391464256,-2.2189400767653353,1,40.81331353048404,52.91337563465338,65.35948614815068,-160.14220819013445,-15.72438998700535,-13.99543524828059,False
156.22101044654846,-39.98548577169095,16.769102696326534,1.128457038352792,57.89460341373464,152.10411765999368,-124.65271870576126,3,-4.340187279111014,-35.52084559379417,6.761965420330142,-44.21479789553368,140.70246276294557,103.10122266929619,4,82.06085318086195,95.29733787235249,84.37728477219899,103.71094257502408,1.8894172209509363,17.431149444548762,False
156.6023850440979,22.05008542214223,-17.706466914542798,-3.4603607375911167,-118.16362439855348,103.04270676168011,-153.1275817367603,0,-35.26867302281496,-10.574042472761285,-6.522000806308512,147.53113307927083,62.09284274742046,131.8854076237418,0,134.47594389476527,78.93827007151474,91.5040905453712,-171.37152674648075,-62.541261919542926,-132.36063695593845,False
156.94247555732727,7.401217061698624,29.49882232829208,-25.192675231350805,162.0477937133299,-60.18551235710338,-174.5986995187044,4,-25.384351293431784,32.62614814429479,-22.64737858248842,-164.88889652301975,155.381113269296,-124.59629892286713,0,31.22695853824444,111.52274046855008,89.70676463037687,-126.9784822299756,10.406521468448162,-36.815100591440114,False
157.18682742118835,-26.40265116474378,0.5043827400666743,-3.774577550885887,126.91790843666575,-160.06119008171132,8.595077187523799,4,35.354360035717434,-17.33664310459457,-17.984296576771488,93.68461840478193,-72.62020424732222,-137.80349246379285,3,78.22217278201596,118.09136990643829,17.96144756358325,33.89643843322937,34.15348489902769,-171.82455283567592,False
157.41937565803528,13.189588054353088,27.967105256745413,-11.522186871098405,-159.09385279572848,-33.46237682404117,-117.18730151561456,3,27.140100672295745,-4.79395646021996,28.306017255315666,76.42847198157102,-38.46774505544971,144.8560341825135,2,69.60289220355722,81.205778392098,23.691055554833206,33.871193082072665,35.26306446519449,-163.30506050776629,False
157.75471234321594,25.3295573040469,28.309469649107413,20.21061980934335,38.73542907651364,93.25931891301815,159.06389612163008,4,-21.160405942370694,9.301024393516556,-36.892741235050615,-24.791535603878913,-91.8388020906834,137.5424781471998,3,47.573743259872245,116.55118726470711,37.998215823450664,-33.10928857334857,54.2387931455515,-133.78952937150115,False
158.00304865837097,4.091101356193867,24.74933710711946,31.949081594037153,53.23755233042377,-71.75576104435079,17.941763098712045,2,38.52762111806932,-29.439182674286563,30.488574218618012,-170.00734957796277,131.942678888153,-11.240979772328416,3,13.442104839634986,66.31084696122278,36.86487366329696,19.228356870391096,28.852127034738565,-131.29342618600114,False
158.22340941429138,4.251820715346298,-39.169297051093764,-30.11982146762314,110.93612415022619,144.3985545674292,-167.01722852930445,4,30.983449749148164,4.273945927789249,37.550420503513934,-18.177513067861696,157.82295549852466,-169.98722026029807,2,28.147397678647966,73.0896656636972,146.42723271796143,60.973321738409226,33.315742725553704,-100.89664235980379,False
158.4910705089569,10.800163090966748,1.8343661774544344,27.51517026867927,-12.459206757652595,-55.76425509291565,90.14114766360512,2,-22.05557698086828,-2.240243777379021,1.0421381083919457,-90.34306299143812,-152.80156420029223,-29.462966255437152,0,57.907182678077874,86.60536816099305,133.8431844145636,152.8221274658861,61.68048232792949,-100.51505453072647,False
158.69652032852173,12.186866186251336,-8.537796780081983,8.922217704368634,49.42240038307102,-165.8308159199363,-41.65282912105954,0,-14.22318820589311,1.264840360854862,28.886846026415824,-172.97219233428845,-108.79788050614592,63.43868403144728,3,111.2595793376675,128.37282840560968,104.76084269358068,-19.24567727922424,37.494714164959596,130.30264913490345,False
158.9002857208252,20.631400898342903,-13.490583150502466,-39.50528611100482,-105.02758880901075,36.353162055760635,-64.89230004428045,1,-10.675279641905064,-26.914955602179333,-15.35665841073909,22.295002347476043,-85.37333060973948,-42.13188671365097,4,15.755658308034235,77.58837122023346,23.13709027004038,-112.97330922137456,-74.28075648156087,-2.8144095979357147,False
159.1073842048645,-31.73105379590906,25.745989617475416,-37.782008181302814,-62.56867289573316,123.43402589307243,162.78927675858927,4,-5.980816579380502,-14.205768365470767,-9.179043088553513,-32.31085350684623,138.25797577579158,-4.632654268430173,1,61.53581847362989,92.41778067698012,117.44801855921376,115.18467489034305,40.40341065027776,151.6918362802081,False
159.31206965446472,5.1193521100308175,-33.97395363396568,34.66176489704013,107.00778484359773,-80.49804205244635,-60.466779654335255,4,-29.879815995119372,-21.138210448540164,22.13569325802716,80.39731689884496,42.51777058846764,135.51216203998,4,63.022002674972136,118.81059109643132,146.13354157932014,-125.65724043936457,56.66687058804604,12.687228930286128,False
159.51769590377808,7.806597563993584,-1.5503798203134878,-26.064952739831906,122.7857962140506,-57.72369079825462,-156.0291140864018,3,28.2476830673872,13.56166559827183,-2.2141488818514503,142.15306248734345,77.94066490599306,-95.15564047588177,0,68.1373526152272,130.46254098928392,93.09651701699981,-129.44512890498285,-18.762879411244953,55.70860489847195,False
159.72281122207642,7.806597563993584,-1.5503798203134878,-26.064952739831906,122.7857962140506,-57.72369079825462,-156.0291140864018,3,28.2476830673872,13.56166559827183,-2.2141488818514503,142.15306248734345,77.94066490599306,-95.15564047588177,0,68.1373526152272,130.46254098928392,93.09651701699981,-129.44512890498285,-18.762879411244953,55.70860489847195,False
159.92626857757568,-18.7622429797107,-20.770305233950246,-3.6958881168130304,14.955314879851073,130.73820958664857,113.66365890515829,0,-16.17891208505749,-24.795411768348288,8.611631801392505,-144.28060274801578,87.2566149780846,-145.7750726539109,4,64.1203258648576,130.19390669520823,70.20189583313865,0.584701134014096,8.505064609004798,86.08847212012562,False
160.132741689682,17.805716692663992,39.93890444693733,-1.5423835797969758,55.52289057372974,58.1845581674545,-115.27329618111865,2,23.650936011281807,-31.872673953456882,20.262749399169977,-99.56133663641268,-1.6152083712520948,74.24865964443899,3,85.08907239417377,97.68922271872785,177.2657644020336,-89.51529468685509,17.232140822037618,103.94490895555262,False
160.52896881103516,-11.73542074192386,26.580027512243035,-6.309918117307028,67.94832645909494,-163.8533757053439,-162.73891066690146,0,-6.647468976334039,-14.044470140729892,-39.963040205115945,133.6773750402155,-149.6242231568587,-173.9910529533571,0,138.28209075176824,101.30901353636332,66.78961722770926,-109.51852202014048,-43.25680702085927,142.7158392351436,False
160.7493782043457,-8.777556166945494,7.442119141172228,-18.02109691892893,-148.59160617787873,-116.87805688852332,123.83668473729261,2,28.539414743935424,3.976699084547107,14.153115797376678,135.30470684283512,123.59361165339783,60.04027713599089,4,114.37015933519683,67.89008315534113,53.699441327225685,-44.63351819057534,-4.4648067599456445,-155.81251037735248,False
160.99803638458252,16.395411836323376,-21.89908252066043,-20.015137707779964,-168.95106594057916,-169.8453981043075,-24.778508726079366,0,0.09792636010548961,33.32027748452907,34.39907095615871,105.87921356491313,86.96784637084266,113.42986467394502,0,61.58641263429244,49.71575075663855,63.31490669798106,127.90251361078393,37.18344820190695,62.3945312588732,False
161.30222344398499,-38.112870601301864,20.9428683001085,-27.404036830109526,-58.35481274047359,-14.866353557928562,-14.130227947243924,3,9.867156336261473,0.5563230214843742,13.898061302075192,91.75657738738005,112.79058556937088,178.54224334048791,1,85.16721166050534,126.59083676669135,60.71216031837005,-169.31438571467797,-27.702403429143043,-75.88260230527128,False
161.56802415847778,-33.86937197193233,36.94005706575781,-29.40041239021368,-140.30381731175845,95.01346136350611,-26.411903124975936,4,18.430034712054265,23.600900234012684,-25.054085241264303,176.5871244050872,32.083743792124125,20.23957833518739,0,93.92405612638964,117.28976430962473,81.98315326862652,75.81274381680069,-40.849896053656416,-130.3711355663388,False
161.80443453788757,-2.658643373221075,12.695179164268602,-19.41180495856588,-83.94792222704405,75.7121752319488,135.773231082962,1,-2.425316729393046,28.124327574087417,25.813432074788466,-72.30775961886972,159.31553260801888,-16.67484826234653,4,0.8768218161253571,105.02334791149445,97.98767992542278,137.07814256051486,2.9893208666247664,90.14863228839629,False
162.10665273666382,-25.70932204792672,15.871102249470319,0.6737475962377175,-120.81322172037835,-170.44340373111763,-3.7406147674479087,4,23.413331694783054,24.320003956699082,16.45194112266057,70.75275413951672,-75.25816168022527,-17.49266149831041,0,137.4924733097319,127.19772341017803,88.76429256531667,48.397017606166024,47.396134660583925,175.21569761387966,False
162.31253027915955,-25.70932204792672,15.871102249470319,0.6737475962377175,-120.81322172037835,-170.44340373111763,-3.7406147674479087,4,23.413331694783054,24.320003956699082,16.45194112266057,70.75275413951672,-75.25816168022527,-17.49266149831041,0,137.4924733097319,127.19772341017803,88.76429256531667,48.397017606166024,47.396134660583925,175.21569761387966,False
162.66191577911377,29.441926734833842,17.211629341648845,6.334222868334727,-12.692508639452853,-59.49607882820753,129.62746916305866,1,-23.42656368201333,22.40859244896513,-19.19545504908563,107.15373706662024,89.11040460617096,-21.500338552054387,3,17.250305933703054,64.39859162554262,118.03448892555565,-51.948991841306565,-42.737684005973804,-62.62845493096613,False
162.87633991241455,1.271655971965444,25.691117463273244,-22.669319220136632,-43.745138210311126,153.18471256817116,-20.118391920569536,2,10.488811906276005,17.363389718906163,-29.280569812206892,156.34049050794522,-0.8198203071621322,146.67345364370658,0,58.128980241016365,90.33675915723803,45.284528879057746,101.61455437578849,-74.17356458444657,-15.787191869976665,False
163.18854117393494,-35.92102422499359,-34.92456854678912,-10.638821196658917,76.40093310457547,-58.69568736395395,-169.11026610058033,3,-20.824631680432574,35.649958411227956,-26.96887949831161,159.05175708610187,-63.24714420704554,-63.679251995324194,2,54.482349310688775,183.48317691260306,41.507157021980966,68.99701407759767,-0.1629339560555204,157.2010936395085,False
163.50489735603333,-9.055583072947435,36.216029854121274,-39.83042372131714,-50.740153548012984,-154.47393539182232,76.33096312616834,3,24.175880398647593,10.795062709140495,14.388005086908862,-173.85236832967323,130.974261401411,174.7653897639713,2,24.44882079144473,37.6835841514644,70.91355834360516,-119.17910162054848,21.196284858115906,-36.70524880419725,False
163.80608248710632,13.061270038648644,24.29672386633237,-3.6030230837290986,55.29676104485952,-130.05543943219976,63.739474162970026,4,-14.679421007766056,3.294913266977339,-6.23968119709572,-104.10202667319487,-93.00059626326875,116.38039412950621,1,81.04168604827193,134.6172344630964,49.76293167873828,59.16963118303992,-33.28672362475971,93.32352747515164,False
164.12023758888245,-4.979868555702602,-31.33679766088146,-18.404622203527854,60.01118490147178,74.83230803669142,159.34653060690346,3,-14.149023714520386,16.517455185490142,-24.17601863151902,24.296685006051405,-7.3387304531810855,143.15611335007338,3,122.02547386905611,56.3533990615755,63.04883068756481,-100.74781723185441,-27.713481039314882,-173.4279236476307,False
164.4862768650055,-3.867777532365565,1.914484262415229,7.783731238100991,-128.66498313713512,-158.19280444471906,24.92535096154245,3,12.567270340020727,22.1276953000515,17.127345217128216,54.20457994986697,118.60033716446549,-96.96746508913388,1,54.51061541963273,139.96827233934908,81.5939672246222,-134.08631993485784,-4.45145934182954,64.72882739533836,False
164.74057984352112,-14.789570486220125,-7.000117416652351,-13.60408553194307,75.7968768487433,29.34189548541039,81.2862478808658,0,-10.697551102148726,-9.650905891948991,-6.909477931974095,-44.41303652782511,-83.31729682435264,-161.3741675951629,3,64.6221815389664,123.9389024403478,112.33806214400238,-107.65503229423605,12.04955788698076,109.28711269973948,False
165.0258390903473,-4.0390862485117225,16.342626135898676,27.089778323594942,133.58341304116448,-17.379097533692516,33.464303074916245,2,6.7152882849866415,-34.17380457461569,3.849965870166315,30.675021410678596,-17.335261645404586,-163.70931379577718,0,30.927596053550165,91.89367560710605,99.12534142558914,165.85538304701188,-63.183021336357385,104.63189045306518,False
165.35794949531555,-3.3267904122333647,-22.97315066408502,-29.540067525365174,-5.544448293401672,14.675605803010825,171.55711761527442,0,3.2907686647934753,-26.147452915176643,34.72631698941758,138.55560930803193,90.4367996458671,-30.071660395867667,4,82.29321889768356,73.95607213838163,65.6969096888372,-6.287188233548888,-53.99401904720532,-19.385413635259535,False
165.64261531829834,32.835102573770484,21.671559246367266,21.329584514092275,154.0864468887308,25.26317123657728,-169.6107286950228,1,-25.937634377587713,9.280178858872617,-1.2817173872697296,6.90417524497056,166.81671069901842,-107.01372713078109,3,69.02232925500743,138.09909072635742,-16.35189397945031,68.05814839896544,-13.092689292585405,100.78512141705193,False
165.85926747322083,-37.877703135074384,13.806349668177667,-4.518635206242891,-50.15806797128417,94.48288042600842,138.0097045532736,2,13.163423580785441,29.98790640769785,-13.200424479025827,1.560041695548449,-86.33893109935197,-21.706540899885482,0,73.41720149576526,45.54327297095648,90.61485110233414,-150.92248332846663,66.91501146877413,72.4514871889746,False
166.11588406562805,28.985909815577486,-35.511496380680285,-16.81390318686141,-4.9100276890245595,-114.86903377585001,94.59634250123821,0,24.473193439872304,-23.361494713656754,14.862150063693619,-32.583915075348614,92.34611116424901,85.07981053843076,3,87.44414587484309,91.33463515843717,84.7927488450587,-83.79005686641075,46.59118382972642,162.4349330356208,False
166.35032391548157,-7.203914582634539,25.26894205258924,16.81451644122359,-60.611519776550395,-97.12276266628622,-89.90118619648966,2,24.58020973317292,19.316880861243888,26.16622034517539,130.57643136343802,-95.48482519175596,36.09567764947147,2,66.28342436591642,150.4099278079326,56.49714238477573,8.385406912622107,-46.464058039087526,56.20567060752894,False
166.58669114112854,-32.640868709421724,-16.967324130806745,-34.863059994222695,84.17008744707874,-59.464502906456346,13.872714004768966,3,-10.486430860366156,-8.560875727787234,27.490113552240302,-28.0652553145745,60.83659264313815,-160.66803155508575,3,46.36929673498449,115.97898857593134,11.37939175872026,-44.821904674709955,-43.993073512787305,-96.59858004917133,False
166.79191708564758,37.58234105370144,19.1728461785641,8.099534046561118,88.84938149876649,-10.983991345668699,36.62396207217276,3,24.58975622518264,-21.702299014641973,24.63990923439782,-130.1828464369481,3.2183592467371795,-135.58319897097635,0,26.619982341193925,106.06229647985629,153.82028001528002,-117.5964941871934,30.934359124409788,17.35558655918463,False
166.99738454818726,-33.14161587257968,-28.963687579095662,-30.22813814487865,122.25795522784261,-138.05620833719195,57.06404024578592,4,22.074799661081002,-9.933764975849087,1.6458309557322792,49.565614477385424,-96.33183818023453,-67.67569295823074,0,60.48803351648871,131.1033075618613,-1.888258392058134,67.00755326209128,5.219574109593498,177.04998729799118,False
167.20439553260803,-24.516383357157903,29.897669550566505,38.243369192091365,45.16341442578667,-95.50567638884775,-88.5515514673641,0,0.23036328219434665,-2.6303700033095794,17.272317370474745,-159.1820536125935,95.84486794948879,-175.62101241745367,1,49.75180724809016,24.44673489906009,92.12913566006277,-47.916952806144444,0.027248600609898817,-101.72769148138782,False
167.41084337234497,9.512086455551163,27.291839104855057,-29.931662929282254,-94.08030524053235,-78.03957755254753,-107.6032586719962,4,-3.2645537466866585,-34.21340775669136,29.64971276146781,29.764893590482473,28.05226925041356,-12.552027804516513,1,81.39938105305703,175.99771292716798,74.90060763657293,168.10082768642113,-4.254209495129886,60.33103672175895,False
167.6162941455841,9.512086455551163,27.291839104855057,-29.931662929282254,-94.08030524053235,-78.03957755254753,-107.6032586719962,4,-3.2645537466866585,-34.21340775669136,29.64971276146781,29.764893590482473,28.05226925041356,-12.552027804516513,1,81.39938105305703,175.99771292716798,74.90060763657293,168.10082768642113,-4.254209495129886,60.33103672175895,False
167.82006406784058,23.00625360367598,-14.22318276049154,-32.67671967563842,148.39681176275747,85.41735744340497,-8.825229028425923,0,13.640502821903524,13.083486071677441,5.019777041957987,-171.91619267993624,-50.334716417570235,28.370026200735936,2,-17.346612125047272,112.61143188603556,91.28898686521663,-102.74785595452693,-23.41129657033266,27.512012523219155,False
168.02551436424255,30.096705158083296,26.490688051408597,38.363298172844466,48.25718871205365,59.77480370360729,176.8302695708872,1,-4.4247720778604105,5.214396474706845,-27.49772026238679,-115.51506860232254,-119.56916328181777,-62.237093935703314,1,34.97094006306813,125.43821972778778,28.626129738827522,-61.2823915512069,-42.29919396805874,-135.48714284095493,False
168.230966091156,6.338644946532661,-32.722953940010065,24.322054158876668,62.93849542258269,-101.3270754951261,-100.84028857478278,3,-26.552502751014746,1.9844114011453229,-5.895633864366516,-35.05765503123078,114.36855682701457,-117.17935247064743,2,-14.49572931565838,94.02896613945038,113.61606744913406,-11.915587144387061,54.641517178943616,-97.10982223753412,False
168.4394097328186,-21.216055934080682,16.73488311495784,-22.063879240353536,-70.70226655736266,-71.07059090833971,-168.5460170131731,4,2.487892081317,-20.353466234703774,20.23168847260915,62.14829506677796,37.21688984927414,138.61851931496506,0,57.81871194139201,113.55724727853824,52.522257794934504,76.11528675535469,64.80674238654763,-61.04986820127113,False
168.64199256896973,-17.86831995298507,38.7055112824048,-8.29213148467165,13.829165801460903,17.816184098691622,123.74625364316137,3,11.910659705283464,12.55221559631299,-37.30693666045803,-65.3758267090016,-51.529532255742254,48.4727099724507,2,46.943097845349634,173.4315405694635,81.08936646544412,-59.869278004379495,29.647290897060287,33.44545466784686,False
168.8474452495575,-26.326045222626284,0.07554219223937508,9.1684456739072,-29.380750512546854,-152.74695306604352,59.99843911411202,0,-3.0112125499200175,-29.12196311578373,24.112213150494185,-3.9887679891385517,91.27440376423124,50.151521757539314,2,20.51388516929051,104.80519872842227,84.2187414463823,-87.43204668778677,-6.532688863983307,49.88215072081456,False
169.05389189720154,21.74925322193927,14.074447879033272,-3.0739308049632257,-152.64791212190528,28.5908210762249,-168.69976441191022,4,-18.695892917448393,-33.133221180417,-17.45555117273918,127.69922470837321,-120.58083786564387,-5.734575497978113,3,72.92294432389022,77.47409306256304,32.97210203720861,150.97583534883475,25.989034567805373,-21.946716910976665,False
169.2553527355194,-31.794795522832615,-0.4377357297959037,32.69442408821071,-102.84914284525011,-173.1033074867427,60.90306550115616,2,-0.2452011238058489,26.8130158248768,15.955308057492061,135.17418514458973,-73.77395553256645,150.80451380545446,4,75.14578998689262,102.25047017562493,55.614822351336095,116.04152764956045,-24.41252161852943,5.216938164133419,False
169.46218609809875,11.90692211120642,-10.972311545451198,-22.256523923135816,-87.65151723296277,-179.2393192084523,138.3976288498448,1,-28.647842628195164,-6.426451018076449,26.986793947807584,124.55239143057031,-46.68206021491653,77.68093047051116,0,24.111246720390767,186.32757275209198,55.60864524239394,144.01595977212716,-16.882381182465288,144.41419753779923,False
169.66862416267395,-28.194499704443263,-38.29932403121228,24.148162992625558,-44.75898100465457,74.77478726415603,-25.542341094951894,3,-13.952199179337903,1.9998748449807024,39.40592262302707,149.11274147086777,160.37030051240777,-4.918291490673056,1,50.08811215539658,149.2604364857981,120.20087561503976,120.13180397522808,25.567043937770947,109.96503745735237,False
169.87429404258728,-2.622977662993563,28.081615260006302,39.53740561971591,111.53927354009664,60.73944112539496,-22.58808817860796,1,7.802638078128226,15.427530898107932,-17.92585423415772,26.703517138361065,164.5885055178008,-67.9732934008223,1,144.48418185212415,108.05516350162404,80.91894356508088,-136.8931348630382,-7.23304988336584,173.95060812166125,False
170.0816514492035,-13.778673693579869,39.56044205776891,-8.387469451302962,133.77958303004493,-9.58334990544978,1.1036791927055845,1,-15.369042454308222,-12.284152746634874,5.655629258967636,-149.84500084134663,86.91372220746325,-65.19003775927396,0,75.09536801769102,99.79749030315521,127.03353102804144,-5.909662662759129,23.291443522728045,165.73941387650453,False
170.28410935401917,-13.778673693579869,39.56044205776891,-8.387469451302962,133.77958303004493,-9.58334990544978,1.1036791927055845,1,-15.369042454308222,-12.284152746634874,5.655629258967636,-149.84500084134663,86.91372220746325,-65.19003775927396,0,75.09536801769102,99.79749030315521,127.03353102804144,-5.909662662759129,23.291443522728045,165.73941387650453,False
170.49059891700745,9.332855934776525,2.1768985632371525,-4.774016761578281,42.60041531484845,-52.25938040193746,-147.16019122006082,0,5.002679624189419,26.047223806644723,-36.01083454999809,-170.73395558380145,-69.9997722268885,-62.895248284602246,0,37.63643785541649,122.71199572165392,49.10117338463476,42.70559393296857,-27.762214915364016,134.98734569246105,False
170.6960484981537,35.59023615501289,24.34851479154527,19.86385126127417,-34.261842692364525,-53.496318958393246,-39.119214099620564,4,0.6286510797102238,26.94532303604683,37.70229349099665,11.555203445015565,120.66488275911996,171.64968660854765,2,5.757015856789728,79.6685092322712,76.14525779914909,-161.44770264376695,17.461703291723307,4.2743319405409075,False
170.90349340438843,-21.817835274016176,12.76076340801336,-6.211812104366707,73.10482711708971,-111.54907454251564,-168.5834106070182,2,-4.162591237619509,-16.74883455639393,-38.38835570191209,-124.93166653601301,77.88242889574263,-81.76316855844827,2,71.34612322930532,32.9642183706688,101.71402010179136,-50.604352098655895,-25.70711901602801,-120.06331604698102,False
171.10897827148438,28.8467893008213,-10.931388170294518,12.36301661894128,-28.28622150220113,97.93347448556,144.28957693168775,2,2.3612559428298283,-11.256169864855366,5.945263110896171,-31.757947870609257,91.14752174768563,-170.38795913423604,1,76.26921658391407,121.29962186701628,45.900284729643715,149.59891714384742,-46.97723307203004,-122.49471080578385,False
171.3240921497345,-20.88457112818748,3.684448075818814,38.24138092862893,150.51249888419426,18.289817624779715,109.58909990738397,4,18.383620026025994,34.27023658622234,39.751015121083,-48.27807047252222,-121.29772248903123,63.39603264754152,2,37.25119157842275,129.90510315762413,128.31918049436706,-152.4331412449395,38.306533012028815,-122.44183622553385,False
171.63161253929138,11.246649808039848,-20.22131343568877,-30.41191678608915,-161.62716553026678,63.772424924630286,101.58030670937376,3,35.60253566093026,10.386981047679896,-23.503910574680617,129.42225530366113,-16.910858992869578,52.98593175694859,1,6.8885311148418324,137.09893368738378,70.8106276547991,-73.74774572319971,-32.39325394417174,45.266409534902635,False
171.83606553077698,1.8943883120735592,31.734747909427753,29.025551326592876,-170.6432054058915,25.261425397410306,-2.4697964138854616,3,9.609563457352834,14.08378124428694,10.541757203912084,-78.97467686906003,24.07888970534586,-32.02797983910452,0,106.67401554871664,122.12201046950112,101.23518319871899,-45.62165453034958,8.681402428761496,96.04060813760397,False
172.18014550209045,39.72567230981481,30.972412142309537,39.00142718417909,9.420600818640054,-63.394023968283435,87.68986358635237,4,35.64701939614619,18.21376280109125,8.390923410729876,116.88177282268839,-179.80244382240267,-75.16682559200902,0,-4.584443131369547,96.49161391041928,67.32431365991133,17.073129944740167,-3.422952572563698,-22.6823033520107,False
172.4205286502838,-37.076148831908746,8.283745603931848,-17.22968933335494,62.10982005877918,-57.25348191947515,-38.3323940027974,4,5.7730942844202175,-29.8824321738146,3.0542196247666453,-87.19032453283626,-5.250816332432322,29.900500389709748,3,13.334711835907036,53.55801339108557,28.060060178112053,122.667318067404,27.283251860471385,14.748654207143652,False
172.71286702156067,-10.802394909390259,-36.876266923688654,-16.786048872451484,4.575924923886589,-131.39664935892688,-91.65696889184278,4,12.756783443873303,23.801333712144732,28.707088875768505,138.26575508563576,-137.91374557906306,-77.27938483547996,4,64.34192129568427,170.68065806526727,136.20410451411135,-157.95170791945563,44.838048999631944,-94.63244528933964,False
173.20155310630798,-10.366384000936499,-19.658414586258203,-1.0551770662649318,-118.37153807897718,55.07586614614027,-171.2064986265445,1,-14.715882943574108,-4.768610380929552,36.44569986637775,-132.02212812404628,-112.78773874153462,-172.53455330567908,4,17.66450147332236,52.915802286191905,109.74825164205112,-96.04183450402017,-34.98925030327841,-52.8781977285161,False
173.43393278121948,-10.851671778649575,14.798183308164354,28.732257274739638,111.50980666441279,-48.742688667188446,148.87314809290825,2,33.75915615535841,6.435114607733766,39.09051382707118,-100.54896155215945,109.58211279685423,94.99837167548776,3,45.6363970701169,141.84114849920178,122.41918586255585,-172.0564038524771,-18.756376366922176,75.81663596556214,False
174.26969861984253,28.423390537437413,12.317722007030028,35.94288549899676,-107.2587835315135,-48.217766938323706,-4.650881612626392,1,-16.444460092225537,16.815518112407858,5.195540374404885,-136.5513413286679,-32.70186241323552,119.82928978348616,1,81.79229448090486,49.27559364838192,36.64340382722929,111.13728134449761,-5.18041110599289,-140.54433415571512,False
174.74143958091736,22.936037427710673,-25.435612104632472,29.606705748264503,83.1607969150595,66.08147451201495,111.11095897254637,0,-18.69691968314468,-29.67068819512302,8.262677337188194,52.24617555688624,58.04063049309468,103.81335694373439,2,96.57024408387824,82.04331197989829,14.953172326431023,135.1656474653984,-81.9638088036471,-108.79810199656512,False
175.15433526039124,17.42437433361058,-13.508590580814772,24.51246124200236,-27.00606116713263,-119.6484378359578,27.89109233701106,4,15.330269611120443,5.707847435628075,-1.0985176327763568,68.83380083406789,-34.60913307434501,-144.6594218649393,1,83.64758942177438,124.52727913692135,93.79129132921807,-30.275957183929975,-24.79822027203907,115.3469026084205,False
175.47048950195312,17.091285035902793,25.93532359712438,-32.26064770831809,-115.35218723226251,60.676828256893174,-118.23354129290932,0,-5.488835554417378,-8.028243350224002,-29.99954022867504,-168.09231293485192,-16.274253882165,-30.300028635802676,1,92.97053862828562,53.8554387781759,57.69144198482296,122.43184879686174,51.35323115796193,-91.89108887824831,False
175.79263854026794,-16.14873300892426,30.598251017783213,-34.79927857519783,-127.9592169367189,-147.55621002911323,83.75678635100024,3,2.391816815551131,36.881319467061346,33.73285565018007,-171.87403514033383,-163.5057890452072,-60.10616967231228,0,111.3005040514959,109.72694322323129,7.391450847467567,42.894991578512645,39.54691051709603,142.07606997372554,False
176.3062562942505,-4.788381488519427,-20.002259146737984,9.329684115693134,-129.981932990446,-67.50891825069733,-145.93280638394208,2,21.5185683271485,-22.73422879126974,-7.6852670948387285,-6.771260172568759,62.764023883737536,129.76329843548228,3,11.278361308546195,62.196082727927724,95.57911072055778,3.1879764902533667,75.37991773021103,-97.36797921419347,False
176.53165340423584,-9.571945004093003,37.888674254936575,22.689013452979026,158.1372674804257,24.7949358862148,126.15421012144935,4,11.8645727572801,-27.593206185538453,9.673859512194994,164.79685147165742,-137.88354054266077,-3.1209851937739472,4,18.941382964450966,43.07583594632072,92.26842662316784,-132.15985794740894,37.277575879797894,53.83467047076025,False
177.391366481781,30.87393834021367,-27.702044251129667,-27.984356395697976,-40.86610573392639,37.05556493501203,61.85314554160598,0,34.22702729629793,-35.20260656757135,-16.00360900461329,-4.260736247470078,-52.74333263999348,28.61762355901837,1,74.25882005227157,140.5159242138545,100.65435457267372,-80.46603201900592,-7.71010954651887,97.65709586495856,False
177.9279224872589,-25.32592113165606,-25.673822210593443,-29.57505697305742,109.57725624315265,-103.63986830800545,-90.33147656237593,2,35.31065575886694,6.949730035097225,18.592507682090357,78.03341624966504,125.48865247014749,-99.0447891905602,1,112.62953768798319,56.41312858255581,79.4410782276332,68.63490593318055,58.16950228393529,-39.48350081364524,False
178.15232276916504,-35.20959642118502,15.870416549530866,30.79002730054114,-164.3375014877471,-11.843223518812778,-62.28154741696194,4,36.260174774688224,20.630756822384043,21.312969116217644,28.517159160383727,-138.45000433161724,90.68977787140449,3,-1.9543054040940149,82.84582063571784,83.93803773732279,49.123549040265296,-38.32179392179687,-4.792095172023574,False
178.39767050743103,16.814524532284423,-36.98756850167891,17.099281301936315,118.70306835144947,-101.41835605326149,-156.61321053761247,3,-13.247737047618891,-36.912536752678314,29.73958670167781,-146.43550748998484,117.78761317009639,-101.75579656820871,4,15.187978967704346,95.0148003433814,76.3827788584411,-104.42158645208653,-6.601972024272587,-56.2723058827272,False
178.63403487205505,-22.187220182084157,-36.72370633182685,30.567250818206617,155.3648217604068,-10.728413336306232,-106.39523857793206,0,10.925455609714241,-8.888174026576756,9.652888147350737,94.20787994436176,148.4653322411056,-165.50329964508438,4,62.522207106441755,109.58562754069578,127.45565497158616,-148.1980012013634,-14.255998059320723,85.54087854302672,False
178.93623995780945,-32.527931962177064,-12.962336273287107,-20.374375144175765,-78.21885866654354,-160.82692906160517,146.15906366550217,0,36.936644335659494,32.392542508893186,-22.415504940717668,-115.80127416955283,-179.7505223168485,-16.845997378166288,4,113.46000028047717,60.73694469844871,-4.615665938895901,54.82475914902478,8.495927557480817,155.2047623805376,False
179.3630862236023,-32.527931962177064,-12.962336273287107,-20.374375144175765,-78.21885866654354,-160.82692906160517,146.15906366550217,0,36.936644335659494,32.392542508893186,-22.415504940717668,-115.80127416955283,-179.7505223168485,-16.845997378166288,4,113.46000028047717,60.73694469844871,-4.615665938895901,54.82475914902478,8.495927557480817,155.2047623805376,False
179.91062331199646,-15.761274980423956,-5.75157252673678,4.119763096841751,-50.11157020032118,-34.6534810067175,-1.0110620178923,4,37.07979019759922,-16.912467345340225,21.66526034678759,29.193255577555334,162.78995230477653,-161.3172705313714,0,82.39456184289152,100.6805328218001,73.95879130649972,115.9213730775278,26.03416740813304,-20.624221580211334,False
180.12305784225464,-38.47457837206142,21.884423440715146,-27.85640717516122,-96.27177796278659,-89.23042430317938,-156.58791885656922,4,19.390029410131433,33.99712880954668,-7.475295527436678,-68.27431889281982,-51.07893378454378,37.73197270941483,1,28.633846830587643,124.51980811412349,10.99637635137043,76.68589272658228,31.482335878903328,83.67506597636779,False
180.48808002471924,36.5539088983825,37.03740964751718,1.2946970872120929,-156.02221802482933,-90.00123777382063,151.83434521619301,1,21.429181290484664,-6.018007107547049,-3.3354813818240245,-124.24986662146642,48.20027265654292,112.94560921477273,2,3.346924594432714,58.880934016855214,51.250539421109366,24.566082743872762,48.184128854767486,-74.92528057022963,False
180.8630769252777,4.337176899455351,2.242274558076609,31.139716288421496,-70.72097177528683,-4.483796701094576,51.002706901277975,1,24.860631361364383,-3.554675183049156,37.392570332590864,-34.88086477922755,36.32954954148971,111.21355431338105,1,100.39175590759461,76.8884017889692,71.59396139558757,149.01342807403194,-16.507792000726617,-83.73018804829574,False
181.69684863090515,-36.410791394178894,-36.0100613031154,8.120056009850089,-141.13928788285236,-52.29632643562661,-123.96065288722386,4,3.380161838919136,22.469836596193396,37.414981971245524,-46.49314012025522,81.31469129700127,153.89419731313183,3,37.92506660048261,13.737327808473722,77.65698538487625,-53.29575672362207,35.276797133793494,-83.93129894475632,False
182.26333594322205,-28.00875557675983,-25.85379241133662,16.169930723688807,29.109441380389,69.7953144509193,-73.66848083438694,3,-5.083339186772292,18.52831930408282,11.114173413986478,50.30356364308122,-36.03590891370246,110.24383937039443,0,2.2818382685813603,141.4603637688321,21.887113112397685,159.41730323998166,-48.24375295591687,78.01496525744886,False
182.57949042320251,20.658511873248486,30.919551975011814,33.9635052446023,3.6587631618493788,162.8812845388377,121.46521092515843,4,-24.091888185941528,-36.324022356585715,19.913675875519992,77.32951699450473,34.13860664072749,175.13157060061621,4,91.34992857748598,158.10463332810815,53.49908299548052,-39.940371642269,-37.96500336091395,177.45582393450823,False
183.12902164459229,-15.611557594185975,-9.349837375342691,-22.57045463024955,-112.80486617737826,2.7753202603388445,107.57767966276771,2,28.498323967657015,-29.296431972936343,26.89285033719956,-171.04408817732013,-116.17660175491321,-24.8936611355127,3,114.24163552281806,60.36786948624148,141.92287204204132,-137.6434650657132,41.57805816690493,-50.75204702973995,False
183.8281536102295,7.08144866657932,-28.2749252742466,-37.211924331077036,148.2005679722759,-85.00014150303959,90.40191462319575,2,20.603771590731988,23.01551397198304,24.00285993438783,123.38853207063403,160.5367675859129,147.64631908241728,1,79.49164514974922,146.1629612750857,50.2409528816024,-95.18599226038303,-0.20892560392238718,-160.34747998673757,False
184.13832449913025,-38.246478220629776,-35.599327807073195,-11.622970615150983,-88.55907630066922,-69.00261696343499,21.897627632664722,0,24.937139315928903,5.318758256952769,28.484521912096724,-139.59507407860252,112.85402157920811,-166.30523493858308,0,90.07840472172819,132.8551155082573,142.05096078904342,-54.08327701585352,21.602700915901178,-136.4472316539405,False
184.41657948493958,-5.174491641095997,-20.30813772106442,-8.810768030276208,-11.840539186171299,129.62710885316017,-124.65478794928758,0,-5.658547262950492,35.061922814921914,-1.5015925846250298,-47.76191158633165,10.811943577353418,-6.814814016604998,3,41.491762561062025,105.66130773557312,61.74720985062001,10.475668752869014,38.19539681550821,-166.6754501843891,False
184.99104571342468,8.409021827538652,-9.283735884699151,20.35283883456902,-75.11313433362874,-138.8058605745074,123.07531413897232,1,28.735980685465748,14.002104451081998,-34.21244293599229,157.3961843336699,-167.89076696500067,178.3962177535007,3,62.25088092828713,39.543004706788444,111.24267254793227,145.8317405215884,-5.48270149520132,-1.218753732566617,False
185.65726399421692,21.624559398764738,-20.291871296718334,36.78841013065542,135.16350922458798,-129.14602641213241,-30.769587853358843,4,-16.628433918036905,10.630994805327127,36.440804585509156,-3.5283464776136384,-31.188686881854863,-29.74772441962176,4,78.34322212773844,94.49259530953961,85.10185598616901,69.27309317762851,-11.236712320034654,125.01824600898229,False
186.01630473136902,24.735034162964055,-19.75983238320446,-31.187093103532,-38.645167529973946,-11.882731286658299,178.12026128084597,4,-21.160505657577396,-39.98728080142357,-4.112494651462725,91.23737097869497,129.58381294219976,76.38162378529927,4,97.43192423621458,125.02671436945585,134.88084267646735,-170.17736271297153,-9.379085503980328,140.78191276689722,False
186.4680995941162,34.46345869648434,-25.016192707315994,-29.97735537524134,59.864788569691655,-52.02210152437762,-31.7165437542335,1,20.504185088303508,-6.954183343573838,-13.438416046200832,82.80410416847468,23.97471675048814,-18.408020643909595,4,100.09478721261144,112.78154022656368,83.11155643758065,-114.63601981051016,-32.066658786494855,-159.64641012310855,False
186.7672984600067,36.57534603045859,32.254834718854696,18.64804771136113,141.08180213895326,125.88620049049615,-77.79586797860745,3,9.221441131094743,-8.21220017838618,-21.77455175966162,-9.307881805238821,-119.71802383013387,-14.623894954288545,0,19.943530859262573,163.5494771071827,74.98032721191802,-138.82315721923197,16.139717318639736,51.78210190789353,False
186.97274947166443,-36.50535231680591,-10.992494361616359,30.384619028123666,-30.505639535035726,-68.84952474331736,-85.32193907481215,4,-29.15593654071739,-29.49426027021664,25.226408128446195,50.02429455556933,138.11413888403843,168.45517193072408,4,59.88444048631254,64.01779937439855,98.33460943470438,-129.14999200825912,-26.139261827750776,-61.790913506517256,False
187.1841938495636,-26.05595674864624,14.93822410532691,22.015350097274947,26.350577905080428,34.803323734226495,-31.086376564554115,3,25.489084366153804,35.19404279783569,4.32956295901257,5.395642985293193,-53.529264837524664,-55.550699384697324,4,43.902097386525455,121.48402993950933,14.451154132279797,44.26744892783211,14.757928981976193,-29.823513580640274,False
187.40360569953918,34.54619988007995,-19.21444432203229,-38.93372663936418,-145.33006720424018,74.4771932286169,94.22704433508466,4,-20.69090089722615,-0.7455912832436979,-27.551661676285946,-40.09490895231369,26.830180968495085,-46.12583795570515,4,76.43946205636719,130.20790065427826,104.30404545893657,90.18601677783792,35.3107346317747,-128.4944737619598,False
187.91327738761902,-3.663906942767184,22.197191568213896,-2.4515521598199683,144.61816384381518,-26.02462170900307,-1.6121560558821386,2,-32.129425312163164,-31.12708424262685,-0.07973271666315185,-89.78848361205822,-145.9981865549737,116.34695772015283,0,54.02926891898596,143.12332801022717,96.99106624551283,78.98651099234924,-10.541670351904086,51.21920196614057,False
188.12167811393738,-28.16740860392062,-5.153916298554975,36.86319868551898,123.11230028073072,89.59532629430095,169.4986793887618,4,-6.124298404558687,-14.244092652417741,10.43466388745749,149.98601130922395,-144.9306529872345,22.83461449887085,3,42.579371384007366,137.78148234523889,98.44863076550686,-153.85130697651175,76.42201096467508,142.429969576844,False
188.56250023841858,-25.321937500477276,-20.732517280575877,-25.295696194470175,133.72935138828467,19.208464755207245,-54.577083085564425,0,-18.897963578914965,-16.80461634783761,-11.571596434311413,65.39646350635425,90.71425370883895,170.2971860165191,1,81.03018529530658,107.49836672221166,68.01420761169443,-38.424014245860135,-9.178199898930888,115.21117521327903,False
188.95955109596252,-13.956204571030739,-17.11961852209165,35.35606657084608,-168.68674341105154,-139.6480173949295,-55.728116612304305,2,15.677078154851529,-25.37677976229121,35.01407988949269,-114.08547049289756,163.59207985725976,117.80415897899604,2,59.225400541673594,121.50785490729494,19.340144496487916,51.281477798220386,-38.164281412815406,167.6303372067195,False
189.19591999053955,-14.27069435507411,7.819146840715732,-26.82778232791451,4.96998741212596,24.240109858622134,-12.895716171239854,4,0.058515158755412244,33.15590478439597,-28.946827158371633,41.45184729923599,126.08958316432575,-157.90999789908642,4,100.0213833768997,107.00818239353202,95.19459560626953,42.57988611608256,59.711341893879116,-160.5051319176496,False
189.46420335769653,17.503903194644053,30.77038985365823,29.67615052981388,32.71158915145088,-71.17407803591023,137.28624198206182,4,-7.16145478511401,25.583187380053772,-24.81375614882241,-45.066746652291954,-103.41373734643034,165.3027108000042,2,44.49570134390417,69.38245917875795,78.08306314195427,11.738362674063367,-53.55260690031036,80.1923582736915,False
189.73847079277039,-3.583290329197709,38.92666141055645,-16.26349425023296,35.778923868426205,46.23333479770565,50.1378952507263,3,-10.106978067912973,-5.960652186061466,7.127390603643974,-39.60156178724546,93.40396134160488,123.39939359251474,4,41.45007923102992,86.34378523673085,60.235012832979365,76.4734759118563,11.189193558514402,-169.35656064493438,False
190.0187213420868,11.886412749366883,-28.311627180485885,-10.441269153816979,-131.03240864250475,124.05468693848741,-102.68296011215129,3,-17.34894264025246,-25.09817901554416,0.5921231696835036,31.06691753528571,178.54743458101746,137.30147215765754,3,65.76319593853198,34.31487238645535,91.10589334091262,51.94830546738503,47.892553727122824,-102.34363054183443,False
190.327894449234,5.001085862271296,12.907770737194546,22.489440076871546,-41.245182176178446,76.96379905327854,-26.263648299028205,4,-9.967309357424618,-34.936410586442264,-15.342319733655245,-137.59906835228458,168.67434382269164,-168.64979705341293,2,72.53251206744858,131.30466910563837,14.679864244747996,-55.37246566371801,-21.834000579385652,59.2275236204782,False
190.6560184955597,27.941735022640003,28.803362953778176,8.786878248767195,51.654929031119735,159.56158695531775,4.756181766922225,3,7.692512547221412,37.80635894895232,-25.745227419373897,87.65404151648039,104.27947712298948,-97.13050580460866,4,36.703726437289916,172.38853554005965,82.86798911644067,80.81764102524967,40.81415333906736,67.84740893998125,False
191.0399932861328,27.941735022640003,28.803362953778176,8.786878248767195,51.654929031119735,159.56158695531775,4.756181766922225,3,7.692512547221412,37.80635894895232,-25.745227419373897,87.65404151648039,104.27947712298948,-97.13050580460866,4,36.703726437289916,172.38853554005965,82.86798911644067,80.81764102524967,40.81415333906736,67.84740893998125,False
191.6763060092926,19.591724411422803,-26.020534973329006,-38.594406676663446,166.92983776116802,148.6252226145782,37.11792373587346,1,28.93493074595463,-11.779200259235196,-10.465805720499635,-23.843243210095068,5.795174616270572,-124.0840234540124,0,69.81033384418404,57.53555863833386,35.183255210963324,142.77748604098818,-53.09568064407798,-83.70912070609951,False
192.73147249221802,30.8008395610633,28.385858003395782,37.06017701843601,-167.81484744479854,114.4197062759763,129.93566001225304,0,32.870348503383426,-23.64309245618829,2.0363491189885394,-161.46736004849478,-179.4064416052851,-51.37562728000324,4,91.79915826614408,99.31813829193744,30.485148838707588,126.65168661502373,-17.52890673719141,114.87991719265969,False
193.03665494918823,19.590599569572817,19.901714732923075,19.625704339560734,-36.69268158132104,91.0822331991667,31.19187173253289,1,-7.511615988016459,28.55623141584104,-16.808632957594813,-43.24203915125568,93.38186815225316,67.02688471569701,4,109.76681833636843,94.74214059937117,11.776334279123446,140.49157927481818,-53.10778459222134,-114.01703928242254,False
193.3996856212616,-17.141051788236457,30.66763678454346,34.63300566516311,50.63258037645309,-0.9334931299857772,124.82711470823205,2,-14.308180416724667,39.054470954529904,26.033984304243376,-128.53517741851044,149.69950612380597,-58.88153826624523,1,54.782839330583066,101.23535145006166,25.859606963659523,62.605502858002296,-44.915128229885575,-25.2922525354287,False
193.7208275794983,-6.9660597560928395,38.192167119877524,-39.94781229877646,37.0291241371973,-6.98354039221843,132.66773858554097,3,21.532344925536265,22.117135310809168,-33.28577537056135,138.0901666659687,71.28498302054058,-159.10230978568984,1,35.848379178708115,108.77260281468038,73.6129500060132,63.451764770818905,24.22318559219459,-38.79909598236966,False
194.06590509414673,37.40706725349456,12.767219399222327,17.71995102873479,44.368868883141545,-63.02692263976493,-40.98692126336047,0,4.519524885722461,-16.769262344780227,-11.52799810299306,-156.69455876511333,-74.64784237206652,-105.06472505205944,2,24.935373498951517,106.6300771259015,63.79654714406196,125.68395614799338,-45.23371618309322,-168.10118705640303,False
194.4558618068695,2.2124574436447517,19.841283552197595,20.00977181561438,-130.14781032608,-148.3696039529176,-50.398705957506166,2,-28.53536025404159,30.210208297450777,-10.723418275023828,10.418076537779854,-56.55425748869983,-64.24599357357795,1,61.66528509660515,81.92659387357986,83.72638572271974,152.2849272077236,37.89729316042887,-161.66888071150257,False
194.95752120018005,2.647271612707584,12.366531463232128,-29.278285557571504,147.15854031834272,37.890669409128634,5.473001368509102,3,-17.567577167758,-4.944277498654799,2.280481587714654,-131.19086386390543,164.33377894253857,-111.3456660711278,0,53.54987444446161,106.14271262528374,74.90298298971989,46.46342643638425,-12.306494072802025,-132.30335363310203,False
195.36044430732727,11.86598799827572,-19.74814125950216,35.71576957029437,143.75948536518632,-150.5142138373322,72.35935029114268,0,30.577918190699677,-36.910790376096465,-11.532404265651898,73.47111071079271,59.659949348842844,104.17731774983241,4,58.74514877764965,134.98679191248868,152.9921102020134,-122.75474078894014,64.92179524748337,179.7055657312611,False
195.5828514099121,22.457396113571527,12.049918373462177,37.68767286714751,-102.21704326359176,41.28307216563175,-37.433897124032455,3,6.723653921660514,21.286790724309668,-10.495576014242538,11.828389057413062,110.76387651465745,55.947840595259976,2,130.27468231018327,78.1452133636784,41.33676070945879,-28.093127638596503,-79.46788938172807,122.42011491312802,False
195.8860399723053,33.250748608150104,1.6515409927631595,30.7867041222311,-17.89022916428351,-13.030950830114477,150.70013289282167,0,-3.2474530735894547,34.055548480672016,0.7319297737152937,159.61638979878228,4.2934951476118215,122.8800668697532,2,-14.057492150997959,65.65403347304841,115.41580456357812,-146.96225184153258,15.014459394027545,20.28617024435162,False
196.28397727012634,20.640394338353516,35.03997537889329,5.830160878825183,37.76679881953126,76.69041644874454,-26.288573242991987,4,35.03740719243547,-0.8594675950487201,0.9441138276993399,32.341961886333195,6.8690578070376205,124.21446990127237,0,55.11420642277223,103.4488952328518,38.68906404070839,139.384299410989,-21.670613227500954,121.56625966893789,False
196.57021236419678,31.35674333625738,-0.21462404782485578,-39.96565741190303,6.341114095806205,-39.51352889230219,103.60040140690683,3,10.067995827566165,11.053426860983336,19.839336894659958,-79.65159555012673,171.75944795730743,8.358770137033531,4,132.99704450599984,87.92653585559543,120.16911320039804,105.25279618192909,59.04426858973855,-95.68607144745027,False
197.0958070755005,8.407328751030299,18.9676769690776,29.720902113773292,-156.14818679252082,-161.78249460122046,-6.585367516045437,3,-3.718605944152067,17.408692741939575,-0.13852001960359672,24.362189596281212,59.57616459564065,-131.1234635375685,4,18.725093717568456,134.53695349855997,58.64452030231935,-117.57026988807128,-81.28548193454773,74.91775019262606,False
197.48078060150146,-20.9497295358506,0.00473221357407283,1.451103147318527,95.1446941021029,18.97670323090432,125.35353062847167,1,-32.9119509539868,8.644092528048915,8.036155540884842,-91.42870922235856,-97.47065039965388,42.61035216073651,3,81.39445237588384,72.7916434213364,103.0946813699145,-133.62180680507055,11.437488725890091,-99.69062807350262,False
198.20583963394165,-7.721421990769777,34.9295397048251,-33.8601361583327,68.24689229849119,120.64399628554946,81.64626865409639,4,-21.26374755226598,-14.994266707649366,-30.944885018932638,-109.4865347436771,65.16135601612979,-5.928161973592495,0,86.94284449633653,100.40661291068098,14.868251420207656,145.6304717773396,-17.012892107810185,-149.8309705649973,False
198.78928208351135,-36.15007707117214,27.816875670521753,-28.565587126445095,171.1745524901354,-39.463325080575686,-25.629730686082553,3,-33.16803795581693,-25.796007923885007,-5.723326039290328,-87.57160037784156,151.61715516892417,-151.96350628149563,2,43.40618222282851,116.22752851229559,104.66892030721056,147.35425193012517,15.216216495318811,-42.56385322991961,False
199.32185816764832,-5.610963563167211,-28.24684369550404,-21.4058248902597,122.0464309435356,-127.77387075903954,-145.63766713804114,4,17.6879330931268,-32.04242462763595,10.008816064146316,41.952670291910465,-176.29023254589006,84.08966888162564,3,70.55610171363199,144.01501619178546,43.13419413026009,125.23772967903817,-38.39229741982032,105.58912118404469,False
199.57518219947815,-5.610963563167211,-28.24684369550404,-21.4058248902597,122.0464309435356,-127.77387075903954,-145.63766713804114,4,17.6879330931268,-32.04242462763595,10.008816064146316,41.952670291910465,-176.29023254589006,84.08966888162564,3,70.55610171363199,144.01501619178546,43.13419413026009,125.23772967903817,-38.39229741982032,105.58912118404469,False
200.13368844985962,22.585797937203935,-16.135025719122453,3.560073937878265,-84.09295760893565,84.84510247978949,129.09716824801615,4,12.142703656562752,-17.316691152132986,26.205398686868676,-117.19396084379314,-4.67724928420148,-151.67735123256818,1,57.595381016705105,92.88900143896156,130.61121961261742,-137.5795549376698,27.19008876932928,-130.12240865955522,False
200.35110712051392,-38.76309813272723,31.728115317864848,-3.9578704003819922,35.35622991774602,15.143714045429476,-179.25542111477233,3,-0.2773346030487147,-26.858543553061473,-27.384201447136522,77.78094076924106,131.12682950557377,44.18403511379017,1,66.04095595590402,168.13009373770183,160.08937317218684,-168.13829394640518,52.13770295528302,140.49276592086522,False
200.56852650642395,-24.562143341989866,19.90784837403971,22.530093575482667,160.4637092708624,-1.386562010966486,-65.74145360491362,4,39.78828125514886,-3.566829958301213,23.436215059893883,56.98165689983193,-62.78330425889739,54.61929302056723,4,6.230442834601085,33.77188537245186,100.13435457165667,65.53815067897666,15.715323253470395,-73.9451103760573,False
200.82284712791443,-11.696675997137305,29.88566381522861,-23.738370539621194,145.8104369291894,171.78987377430747,-84.01632320453298,0,10.44641456645573,-22.17932401780508,-38.4079750324043,146.29472702614578,-73.32498528054825,-22.357947661473304,2,81.76643539661083,134.97176235088804,71.68979209549917,-106.51416872688472,15.057980529006608,-162.00052149160564,False
201.11107778549194,14.003093259359233,-35.5925492515115,-3.399946272460035,-64.29016497958283,-116.77984220406526,24.963640901360463,2,-8.132015011020517,33.11642815334933,23.437379732655835,35.763658586646784,55.35315407631566,-5.444036080445159,2,66.41405436405414,158.4941736039151,96.18280346119896,-84.23336340925582,34.642807816497175,-111.7380758524118,False
201.3225109577179,-30.008262320580688,-15.740526719574397,-8.513038452932477,-42.13162257768667,-61.711492918720324,135.96615963021628,1,-20.425192643688845,22.19355476526522,30.508788048810757,-85.67351364593985,-126.71433911638417,158.99753822336186,1,132.3857269023178,61.25767577786669,41.131738531263565,-68.89141093850297,-69.41527668274645,171.56125614438616,False
201.53793573379517,29.884478459256968,14.596411080512503,-7.163003399673002,-81.0106807753669,-169.08948781171893,2.4285071524550688,3,36.12662354908224,-15.942024987285428,17.187010802354592,175.62533985626789,-143.39366274123847,-79.17340488756713,0,84.87464181075252,78.50011042797382,120.65781226452972,-44.436870868999044,54.66849596371029,85.69283519114406,False
201.78028750419617,-37.9479370348603,12.822128417129932,-36.74158419878549,29.01541175299269,105.55533427163175,158.2405321837129,3,20.232748765852207,10.72861794977301,-9.20190623808697,-1.1876199609205003,-101.23614461465516,-16.940701431333252,2,38.3312612340019,87.80420714928071,156.31079881285171,-165.6222668812457,6.334356344750593,48.78865884722479,False
202.03261303901672,20.347223657340066,-23.443963843235302,-3.570995022425258,113.45464461702898,-81.54920589437063,10.6547006371691,0,10.693726108016577,-25.953066358497736,6.9106953905845,27.40852043601589,-113.38601206121352,-118.00147054720067,4,96.65876741495399,132.69070549452326,87.6940928003181,138.07126050860256,32.95495436625851,-177.16391932303955,False
202.24903559684753,23.486359583295467,35.36621388119529,-25.46948328244018,117.64240272243302,-152.05586984383604,23.703951146881423,1,36.125444851913244,-39.80591609616574,-33.69670819682384,128.11532662884417,102.48238130239884,-7.103932828116399,2,59.94753897941972,190.51781758934538,64.30260754561598,-39.612120404048525,-14.73354769372804,-6.687781668663404,False
202.454487323761,19.89969595354586,-36.08991879538614,-20.15364647936396,-36.666311156416356,22.19583524252991,46.36622193954554,1,34.046923178036664,-35.27678723228299,5.416141200775797,-101.63173923523988,18.981145400815223,123.69424198447939,1,66.92412675329402,135.1394819687206,60.58803207052028,95.30911945697235,-51.077161411625305,-158.39614243238933,False
202.6649296283722,39.02516981108279,32.95172741249472,3.085447626807216,93.62564034477685,-81.04329507068132,-28.47282563247046,1,37.90888303151647,-28.814466574374215,-10.53617143205048,-151.67946505169095,115.29557280028541,-139.39575179946286,4,-28.2333003764288,100.06718502572521,90.82445751307236,-160.6669762708355,5.028244494184922,-4.881973989324733,False
203.17356371879578,-20.18642873878335,-21.638556243124665,-2.4962047222380264,-134.3655655803875,33.466225281254225,-69.88410319681329,1,-23.066734804349743,-11.968104436227655,-7.4798120099246574,-176.8188588082711,-129.07531138321855,-148.32259823348713,3,34.487168102175474,107.90483147556657,98.44134449916547,-166.42822252831877,2.2628429835599007,59.20776117362708,False
203.39696598052979,8.06355929345689,15.520098617223148,21.378322585495667,-164.5496799559815,-110.29076403266625,-57.813959436530396,2,-6.034224770930727,-35.54670001911569,0.5801099344802836,78.13452752324582,-158.60447989082041,73.89533856781375,3,61.9161413943157,153.68214928919025,131.97291729148088,-115.3890171973535,-29.350845155764734,128.06583113204377,False
203.6093990802765,-15.241294273973011,16.67281754874972,22.540860096486675,-39.6813352948333,175.35258913190535,61.08216598541421,4,7.62644740353241,-31.352672455990174,18.84874406862056,60.721327903737944,-147.6488595218981,-133.10205579996057,4,-20.037081506333266,107.31985915108251,84.66076897988928,147.63179859717684,-33.47351229591669,73.85024587655445,False
203.8218309879303,33.78230008914153,6.60648304460522,-8.991430377900073,109.79914619340946,-57.289423640782786,-46.86031102012444,1,38.57809232343128,24.007286459995683,-3.5817234980435515,-144.02477081341095,-132.00359710404325,34.527872893220035,0,90.06120171557245,111.0265114187019,37.5823353347625,63.27296113200242,-12.993016486516087,141.4467184988311,False
204.053213596344,-23.068082392500664,34.87229897666862,29.85753787550638,88.98764652818272,-103.28244842196912,-93.89285260221475,2,3.9616199124987688,-18.45999801825065,-11.701423230408984,-47.652217702169,108.18839205350258,15.517854084804299,3,0.2415966033509136,41.11468148234817,63.37368453223125,-127.78651744342228,-19.797534204545663,13.278939630870658,False
204.26265668869019,23.65334179410069,11.918093816876443,-17.636218930274488,-13.923790551881297,129.39872842711446,-25.065221976002448,3,-7.768337501818948,-13.103011837630973,19.94444588759214,-35.89835888228271,-54.08193229519442,76.63293322033678,2,45.00420491552043,35.07967710205891,86.59565980310016,-124.82376799448068,-29.821911049836196,-20.725732726434313,False
204.46810603141785,-12.918237030418585,-29.193818510112905,5.961944341346069,-62.16119186027234,-89.76984547479722,102.37448956830139,3,34.38722737340855,-39.02266806489024,-35.997162472852295,104.56116174491291,-46.94887094143786,-63.041865217589574,2,69.55335530902819,44.984939790872744,59.05549133957082,-99.34275918792602,-63.6694625198039,159.125190512052,False
204.68452525138855,-18.486120720665483,6.495031811733043,-18.544140999011056,-81.87106626431881,-122.0019588444943,-160.90967434872456,2,29.676833790323286,1.5191692884252888,16.839038405512518,-120.02276527543165,-61.84382688486062,75.62088082516871,2,23.43167822304835,161.68920155450007,50.518954344964456,101.14295723640522,67.70519244913515,112.77866040749632,False
204.9198968410492,-26.609277387960574,20.55609621644595,-13.885741710563746,24.754748685868407,65.90906500424924,-40.076542124709164,3,-25.218638451718142,25.763312900010376,10.29627691431471,-9.236386044448608,-9.43607987341204,-82.28980063681125,2,8.207674807762317,78.49873803737783,63.55432186400086,82.00316661388655,6.077832791986276,-20.205965846271457,False
205.12435150146484,-26.34370553342503,-29.357270425194884,-1.1200610170400367,160.02963331717575,150.19123573732907,-71.77663770556259,3,-16.937187424790228,-30.80420834918101,12.90876031207884,-123.45421629356736,107.8201174646428,94.61626912943007,1,86.94074932960393,93.59868037807364,55.51616772745098,78.20378492243884,-18.873530973259978,-130.05024321245818,False
205.3411102294922,-14.470392295272738,-7.710835192206545,-36.54363239772831,4.64663531736349,123.76181235485848,-3.3015952479568114,2,-17.426008713836943,-0.13725493407839195,23.445684869015196,28.82648943733315,38.554656161566186,-138.93812629204592,2,37.481288060589605,81.02004682833534,137.3306707685392,133.4602426643466,63.004969658499235,106.91987989505658,False
205.55357003211975,-6.154257153799122,-17.013571556261926,-6.084589591535064,135.47978887153238,-110.49780884342151,141.26914090884685,4,1.8676751116569932,15.211984836683463,37.35378774509398,35.47811687049949,-138.90598541439954,0.5075402535430271,2,74.02604220081942,147.26991130963827,24.433551546564452,76.02349885230991,-12.459677312387862,-154.31838367720547,False
205.77198576927185,37.567859864453055,-11.699592711973317,9.924589967682465,-18.380896314578337,-1.7145052495728237,95.45614679546907,2,10.104705352923702,25.304234930178296,21.3059580119586,-168.96095680629057,67.53418471626793,103.05995438298697,0,36.80363091090483,63.20520382947683,76.34732583270048,19.757545663458863,-75.8861153604093,-133.58496267264937,False
205.99339509010315,-30.929593838640514,13.975945189569252,-10.42442094954432,-119.39388183778127,-23.806517246013215,99.77940154156687,2,-13.92966172068336,-10.33153268702339,13.14599445573613,57.236775955411304,-174.53564174057328,-27.722683594627654,2,116.971097775576,92.97863821327948,42.86337871628065,116.35341165591954,-46.44641960992655,-108.07230608740632,False
206.2118101119995,-30.929593838640514,13.975945189569252,-10.42442094954432,-119.39388183778127,-23.806517246013215,99.77940154156687,2,-13.92966172068336,-10.33153268702339,13.14599445573613,57.236775955411304,-174.53564174057328,-27.722683594627654,2,116.971097775576,92.97863821327948,42.86337871628065,116.35341165591954,-46.44641960992655,-108.07230608740632,False
206.43222332000732,-26.86550540385649,-14.843322049929888,-15.150553333356704,-179.3505509951375,23.225439879307004,-104.51422027500304,2,-26.698532518294957,20.108660021148133,25.098509049021345,-34.41496181391372,160.52589602560693,72.58976348580273,1,91.19990182083308,35.29142460233835,44.62425580171196,172.08828666543263,-68.1981604349972,-102.44389693787195,False
206.65163898468018,-27.058614910151782,-20.678441627490997,17.09414557477003,-69.66213789171158,-88.34092243711001,147.6239639515063,2,7.202697506077541,-18.682070398706117,-1.0109825083276434,152.10799528599387,57.455500385720114,-155.8272405308995,3,35.999736542596395,78.4558074802941,98.71127565189734,-114.92665898742864,36.50924867985005,66.65672267931781,False
206.8760368824005,-38.38733236037325,27.3906387062095,-22.674085815487118,-36.593824413399744,-179.59275410335104,30.52742266858371,3,-31.792099697075127,20.138944066225747,-24.654985454627347,3.210256526782473,40.49917715636491,77.75517647462846,1,40.14376767036749,125.09636856217168,106.29192670782854,-96.15134433450369,3.0110352963007028,51.63516883826935,False
207.08746910095215,-38.27908070474933,22.522717430979526,-33.92208051569271,65.81030788369654,42.25187933242282,120.27213339540862,2,34.95588130037214,-32.616987906375705,0.4471149896344855,135.09125481694133,-55.8559175844386,115.78628212922342,0,21.022019348382265,123.68881351836531,146.88700275441397,-102.89270654044252,-29.392701449475407,-117.12941971123834,False
207.29392051696777,-7.059093360027333,20.836521077952533,-3.727255675783425,-134.83237059542628,119.38239891486899,170.93306753082703,0,-20.556731225947953,14.638641947917286,28.735017956947488,-54.79535604100015,149.9149097755037,68.79233202404461,1,43.98425300603056,115.80391122023929,126.3691784296667,13.472560956712305,80.97983769468145,67.97544075465956,False
207.50934147834778,18.868409114383333,-16.408475938069866,-5.70160194440529,-80.74582470012575,-52.3146971925883,11.99145407806833,0,-1.6844822026201172,21.314528595797803,-21.03382395325271,126.08866552287287,14.697477081393743,-39.39911965815327,0,-16.27764783724612,107.69108085429696,111.33360282545146,176.72416746999352,21.551872349563798,65.25947358771023,False
207.71579027175903,39.561864564942766,-39.68565158686406,7.696051029416388,71.16535198371204,-157.92155458600388,-33.294127536640104,4,24.015787467900054,1.9615730457870342,-20.254222472897176,178.63141461397652,131.1869903368281,-34.05569863165613,1,-11.062318074818265,86.85732572361786,118.8787335222232,121.35400872405773,33.1554130112738,4.366865535226851,False
207.94268369674683,6.433574472373067,-1.782820083405376,-17.567341367552835,10.00515507599269,129.1131995250601,119.9125912999043,1,-3.8421175083642183,-1.726945504286384,25.390365943108407,-11.148582468067502,-21.894368250107874,-107.14259249571528,4,-11.442286422977233,76.40683140673434,91.99370779095243,-86.18832046210032,6.231461606221431,-46.27135141375565,False
208.18004846572876,34.94809530172455,17.0568355213749,15.773030920201741,-80.60277664647795,-77.30966276568856,-162.4901494032465,0,28.316748768279254,34.998478133683705,26.169075474858545,61.333039252669494,54.82364037757338,138.62448990299396,1,63.89497760586092,58.33132295313137,94.03204510900929,59.5017014502263,79.12102845981907,-73.43975405614448,False
208.3934781551361,29.064275703755825,-24.0649067314558,22.91455385556445,17.716168130020492,-12.358851842622613,5.276385302704853,4,39.558215768500474,0.9318296571641937,0.4032632250250785,15.423051504242437,111.417356868664,-22.79491892390149,3,86.21818647280972,57.048700619492024,80.48262999486992,-102.91996661541579,-46.08454790172697,-94.12609480349268,False
208.6368269920349,25.544813585456595,22.820458157793013,6.0531408719441515,-87.09348589756377,174.37766172910403,-79.9738383905775,1,-1.5320144170999228,4.591339736436737,-22.14322346891379,164.49478145554548,-7.286194798368172,-94.73662616297297,2,84.82863917908051,54.66367355444805,66.95518565620857,55.73780179727996,53.79739550471723,-171.8954886258423,False
208.85524487495422,-33.83266660648821,-27.765114026474784,-39.24231015639108,-7.612485211349195,20.655507307334886,-155.8927698046004,4,-14.055253293900229,-3.4319571112564518,-0.3696208917386983,-48.894280298494834,-15.982618641300064,-178.4344847806199,3,89.1186957121916,51.94261010402571,24.968037345309384,-74.34639752182453,-66.9751883921202,166.05457907479467,False
209.1783800125122,-39.75219888723324,-1.1953739500770055,6.091341212384933,49.82383679303382,4.273408053344383,-12.221283296203978,1,-26.653618822983674,-21.36069488468996,23.3019272365025,36.634642310172666,-127.67947557626293,118.10900659360215,4,8.146469357719951,120.03335107617022,72.20151987342992,-152.37463017258773,-17.379875049509426,69.46095688858075,False
209.51248717308044,17.78310493122958,16.810864865250068,-13.000092475089158,28.64053288005647,-75.82152722959765,-162.35654774664732,0,-31.52405709325434,-2.2930804429093925,30.008052763293904,54.22528058565348,-110.2315182917994,112.59000234939833,1,119.21349973297086,64.49993361245242,7.977741272142225,14.478443257428143,-54.43296149395251,89.22673142506514,False
209.79273891448975,18.022920159023187,0.6851481121795828,-24.503180576042833,-81.21632221114162,-13.000016700015323,-94.67808442543028,1,37.116128693685454,34.58205609280837,-7.574771875587032,-122.48501326978142,-48.56368178393191,81.60973091869567,1,46.59855270577247,92.95176441741052,49.625467317860405,70.76279829034232,6.457393360157862,-171.49498655949162,False
210.0470588207245,-25.22603326716167,20.666591963173637,21.25364518894108,-17.53384925514669,-11.020153333759936,7.091408472442254,3,-36.49819287052924,39.931144531011455,3.9380697328091614,51.8012293426643,171.3555919397047,74.15130344714271,1,27.240350146967046,81.49966151115635,82.64562266992988,155.15044473097439,-39.802002369163105,41.37529330299971,False
210.50586867332458,-39.76432582773542,-23.704528948594465,-3.310241532775251,91.55817004217994,16.520984429527658,100.43919627025019,1,-1.7096074147922735,-35.36371739983332,30.31953903358118,172.31279197696182,122.13874452667227,6.390875529067273,0,22.748765710227424,155.91295778248622,92.6251610475866,136.0585107193259,-38.59644623457372,114.1265214893433,False
210.84093618392944,16.56547265687213,-29.471173116133535,17.477001413392912,41.78380027593491,106.67388476244986,-46.78406504758294,3,14.014575379699323,1.5086961276405901,-39.27433569060855,-43.16497405487863,-19.25571324381454,20.153880578720248,2,72.527598077212,122.572440052008,21.736880186624248,11.67699529727171,2.373512506437836,-153.55837612730826,False
211.14315152168274,-22.754167606077704,-35.2038788950098,-16.537166555029124,108.48582543367104,71.4671669850139,30.92321746344527,4,-28.764979236534955,3.458402161237359,-15.51386040173358,-121.80994768836155,144.02906775215388,68.7653894666388,4,23.987804442295527,162.20012793129803,57.84035038226609,65.09602995612404,10.549476114234347,50.14105696314002,False
211.41346263885498,-36.85763450911644,-39.96935470944805,-12.945345742820589,-118.20103790510763,127.59344291418569,133.1045153446546,1,25.034834102603526,-27.7876627032144,18.873823125057484,64.99397919174504,-114.35398149940266,-52.455680266300334,0,9.661265742449864,36.33312809583839,33.45180622056962,-23.957273079793545,29.86829461153962,-108.1214882898282,False
211.69371390342712,14.78230579495046,1.3909243732671612,34.9823445390541,166.9467869888672,126.06382879412939,149.92039255922566,2,-39.010412238109346,-7.858217163457404,-16.408938647736832,-1.0318903434964,-34.14784788131877,-61.81474684952434,3,85.46914383035934,63.09269591080267,68.88988074000021,17.812864444001082,3.9105051297503333,-27.019906014584638,False
211.91212964057922,37.507196951150945,-20.053521869730595,14.712687739958135,16.695690441242192,103.87946386112606,-72.13573499753959,2,1.0863865296882835,-10.484026508491262,-5.20396242761894,-99.90182444401661,-51.6389739893732,-42.332691214887745,3,87.4367692480121,125.77888378877157,118.77208005735105,-126.88743193739582,67.25170146502806,38.2667018355178,False
212.28613185882568,17.477124309437528,-16.0752611049785,-7.670159948466889,-158.32182048818007,-10.993984148798006,-102.94088227889071,4,26.108901934267408,13.019949841534526,-7.553953008464532,-86.67423539782055,97.70542312926119,-137.91305696962854,4,54.79363068325998,99.26555080662168,117.9158278951736,-66.49045379258162,31.409947755021868,20.779381032108862,False
212.54454922676086,8.28636345462968,9.169895968717732,30.817428800833667,-89.72553512387238,-103.90261915601025,26.698378159317514,4,20.318006307578393,35.885454222188244,3.5360605742814855,72.85194256924942,123.87316603553302,-76.41740006821347,0,24.85369382484788,102.03597518158642,137.14941417044,178.58414523193642,54.94941696315182,25.079365075252795,False
212.7580807209015,-19.16126866125552,-27.89781517035168,0.14551690000723738,43.92595723118848,-21.950674847231852,-125.44869966780979,2,-0.7855986911838286,-29.026349033135332,-4.497956173745237,-178.28448500169168,-69.59748024610195,-37.55152533888767,4,70.4537517298397,102.66326436609384,44.50979357277045,54.25937931281405,-56.48086143501717,145.32613098868626,False
213.0650119781494,32.9928351154459,13.30837670053996,35.767877574910244,-32.593846121041054,-143.84519530055667,-117.86159567021187,0,23.263009878665613,33.0339980786833,34.81648823953708,113.09896188013892,-134.3327618238218,-112.81736708125995,2,62.450593088537715,105.22480548203677,91.76064381896578,-132.83299341467304,44.096269922316445,-122.41373640798214,False
213.41417169570923,-9.583289404736497,-32.44096134563168,-0.8822015502724341,59.36522816568558,-102.03902284511254,72.77212962537789,2,25.835282152223712,-23.486995746868892,-16.59701149544489,-174.290979718197,7.640834467335196,12.080382411126095,2,39.19742659536297,70.3091708770925,90.55014069961388,-139.58392635981102,1.9255357583850068,-114.76259661291006,False
213.65253829956055,-29.11036797674246,-24.090943806883978,-23.54565536120578,118.4852754888945,-112.6791745911422,17.1023969819052,0,22.917187063318437,5.161085862284629,3.3966037645573977,129.45531094864322,113.88789078368086,126.08781244935437,1,22.824625223040954,114.51098293061654,37.73109170193937,-155.87643822501872,8.581061688914385,83.9425858452418,False
213.8649697303772,-20.413907455944766,33.49724517901046,17.230237889773868,143.33235036940124,-90.47041634153345,-170.07766087734188,3,-23.83674483605833,20.668159406271272,36.83435460208845,93.27464912403525,-175.06599301776183,-41.32614138698571,4,76.43533514323227,68.87428157953313,41.884225334987946,82.22607525953545,21.26164745717299,-93.98118902904213,False
214.06942105293274,33.48642355429962,2.414854275999886,-34.187597073822616,-173.06692070088786,8.177839369472736,79.55464893621462,3,-16.095295451930784,20.15178110652456,-2.7272329981493613,89.18521064141402,40.70111705860376,94.75993203700278,0,63.00471925037902,155.9841450432841,38.649428361240254,28.344785616809602,-47.78244528848384,-89.69330209729306,False
214.28186964988708,24.66292193575437,38.42559391943989,32.07097629568045,109.64559861442649,-82.69539335513318,173.27673056569915,1,32.45676009867864,22.520959726224056,22.66934043536508,66.68846036839673,-173.945886152495,-69.03634569616241,4,72.15229452092747,48.50416852412089,90.56736258273054,124.96798047374322,28.202373995454177,-67.91101976341086,False
214.51822090148926,-27.762211433803294,16.66497908108446,30.610880882958384,74.37262035828076,111.82810933168616,-147.96207310991878,4,10.28718783548318,-9.921028527277016,-31.776444395958467,-154.7235349404757,53.851600596544614,83.5105158165394,3,155.29315914042502,136.59589238446367,37.67331817262806,120.91256858257222,-31.208801892532705,-154.7132749673142,False
214.7545895576477,-17.01102627270668,-0.44154580388351405,-1.311811661564775,-51.1163888206363,5.33846302425394,38.46936355825591,1,30.830111913010313,8.438594166715632,18.597567699856434,-104.76827929630707,92.11337970471811,79.9868115879483,0,116.11013407638114,92.77167589149288,100.84406023320123,98.50502204119665,36.75111918663421,-96.58080876073052,False
214.97200846672058,33.07660191753743,-27.63077449915471,8.406270732056491,162.3892252519409,15.016584442304776,9.878452870833712,0,-5.416578886298183,-32.57258401206809,-2.8153240167006004,-133.04325537779673,8.703310211623176,-138.51696718031977,2,102.59223690844638,147.49186001350853,91.3615100755963,-10.237626605246604,77.54205201860357,59.35187328407572,False
215.18145656585693,33.07660191753743,-27.63077449915471,8.406270732056491,162.3892252519409,15.016584442304776,9.878452870833712,0,-5.416578886298183,-32.57258401206809,-2.8153240167006004,-133.04325537779673,8.703310211623176,-138.51696718031977,2,102.59223690844638,147.49186001350853,91.3615100755963,-10.237626605246604,77.54205201860357,59.35187328407572,False
215.40186166763306,35.238065651988535,-19.447446798007412,8.503798748922115,-126.80780896996203,107.46027040501531,-145.77878863198023,2,9.35365300796677,38.34027953796519,-27.05318708473105,-60.14192744769372,-63.464565034381465,162.7700723671233,0,82.38119663760409,142.6587926418806,105.08770561386058,-153.85696189892366,-17.933716569434015,34.45753097542505,False
215.62227296829224,-27.72786253255436,-37.14400148025335,-12.201888827368261,-104.49394404420903,-99.77494104806144,0.22991025711314705,0,26.166116178215077,25.83257550135943,17.690391343337815,29.669737269825504,-122.87607909090922,-63.76291141641131,3,80.10933975267359,167.3385818714774,59.498480351133324,124.97690862396094,-9.427084369781008,-100.05010108494578,False
215.83769726753235,-27.72786253255436,-37.14400148025335,-12.201888827368261,-104.49394404420903,-99.77494104806144,0.22991025711314705,0,26.166116178215077,25.83257550135943,17.690391343337815,29.669737269825504,-122.87607909090922,-63.76291141641131,3,80.10933975267359,167.3385818714774,59.498480351133324,124.97690862396094,-9.427084369781008,-100.05010108494578,False
216.04425692558289,21.158488764112413,-36.171333009535275,-39.757269887660925,49.77525750699479,7.389785992327347,36.83226951443942,3,-22.112399819999958,15.21923755991503,-39.319927878822504,-116.7530515418766,145.51986624099044,129.61083205472056,4,129.2829689833648,115.09839648755894,81.47007652108262,26.39592118418248,-27.67581290834831,98.33306044495289,False
216.25483322143555,29.60141513674877,31.108681635341796,35.38172128887881,110.99478810824763,61.668463800770525,85.01380030243706,0,-26.88630196941041,-16.744092498242907,-35.115618528199164,-165.5717660566721,50.95680065451387,-47.649662395650694,3,152.6360469021942,50.198459477546805,2.25662987130346,78.89430081065272,28.30455134061035,-169.45869753193,False
216.46925568580627,29.31713839003723,-33.76272816064284,0.10763269525229191,-48.20190296853269,57.60842215947551,-179.74349306184388,3,31.82723457567225,-3.7696173549601752,-35.68515178862562,-175.03374232634252,-118.7915665941948,11.784466959270503,4,14.908868369477418,97.27722448176563,55.93111927706508,-176.18164395649697,-6.543711388121202,-21.899975320232308,False
216.68368339538574,6.656991939049277,-27.019829937651973,-28.559825827193983,179.01651166335142,-136.9469477506138,-88.51983505723365,0,-12.892745198551758,24.993931654030632,-7.069217113040558,-117.6777609307478,-109.80272610063629,177.36896965917197,1,133.4029297340659,88.69803026034188,81.33130725921218,-33.088441010002185,-47.18568575232482,102.76222404971573,False
216.8954358100891,15.742327016667574,23.13150706102072,-13.629547571963094,-27.000871624715273,13.082947738431102,131.85517057143693,2,26.063227872400944,14.191481123021184,-32.12537032975989,44.66928803632064,-134.25945494080557,-138.46120882216022,4,41.12280785621542,129.87244673249307,89.76678241577488,-79.04979684601173,34.44369721734782,-5.671353406933621,False
217.12516474723816,6.202233031973776,22.811337679534454,12.413082183993026,-25.292186969145177,92.48866716507325,-157.4190573073157,4,35.02504729204415,10.085145555288797,-19.953080085305068,-130.99519110643234,-80.2084312146567,-54.810409990836476,1,56.673894466289944,84.55291678299223,66.31791656643664,-114.06428886981969,-12.720128492350073,-9.999387481373931,False
217.33560347557068,-29.260244017393422,2.1060725557584092,-36.82858675577228,155.75666080622307,15.062713426426171,-72.44859788243656,2,14.55900757970565,-33.041870287390836,-13.195099594678297,-176.6158678163975,16.68451764636444,-85.14078680908662,4,15.010642213573703,102.3390111540283,77.15553938370628,5.979321180485985,-54.031669186050785,28.81532348046738,False
217.54204964637756,-32.19697962509091,39.77118963904849,-5.087035309167014,113.71232678076478,-97.3495485255444,166.40835056761017,0,-13.259239192865238,29.849899519370794,-27.22200073294904,-143.60065793990543,-7.8514094252890345,-27.606671957602686,4,46.50941172045524,75.19274331109396,70.75153273273321,113.51794547222319,-56.64671606157576,46.89626645507899,False
217.7586009502411,-35.354525292132536,-9.325852243906958,1.814786745564561,-110.42080049210021,6.532535160190633,-4.609318299808081,0,1.0835482156927227,-37.80233564238743,-27.11603887784736,164.95899727867732,168.2207188851878,72.62833559245885,4,107.13494431923094,137.87292682461157,130.5147781645042,-58.83059640900269,41.03765508222433,39.3025755740904,False
217.96604657173157,-17.784368758386194,-21.960567557449238,7.223171546348894,-126.88633289770264,-106.76171646381869,-66.44998433059459,0,-12.336030090094638,-3.4471413159988344,-38.46074306895563,173.69387234367457,-32.65426910941062,111.7734137771211,4,44.86648149725745,54.97787491716121,93.58059001145487,154.72969773138038,35.4314041949501,-99.31188128854895,False
218.17122650146484,-33.95920479747506,-4.688259828592159,9.136386586262716,-123.49079791373246,28.411384002499688,57.76170115805141,3,-38.721288424773036,25.34535236229806,-5.419933799976604,-12.426993899121669,-114.12053988899481,93.77171229250564,4,16.406639891649988,93.68994738320274,92.94795755388222,-128.15614936180293,76.70799754648651,-162.4713810622262,False
218.37567949295044,10.585685581425878,25.404204561837005,3.0927846446342784,-113.1986604175254,113.51292074150939,171.6534621507351,2,-33.182266273602814,-35.161351951248925,-4.640780137128274,178.01095845568324,-136.39418155448146,103.63297910519435,1,68.51833958239006,31.31256386533424,120.50273163060623,84.67269956579034,50.496680279949224,-17.478904557625654,False
218.58117365837097,-6.138225358165322,37.31377640900887,-15.10245436486364,-129.0555457418821,-172.37621752829762,-161.85810425070036,2,36.34283616494841,26.507357232369515,-2.6111128994177193,-164.89833708563592,146.83575443614245,5.82305185136363,1,63.72096627999149,115.68780571877822,6.790478191445715,59.48972521291466,-6.827738846828177,169.3502464500538,False
218.7862639427185,23.688242306309363,7.663769560465433,-5.325508906597101,-117.3980374076427,-144.00527827570568,33.468511160754474,4,20.562495562522464,20.61228218024098,9.71218986200401,-61.065101666552906,-148.11968075324788,-77.96937204823259,4,41.54339346737889,113.62017216116391,26.8443783123194,75.3435278398297,-12.564681644821933,39.8621580468667,False
218.99093675613403,19.261568707991685,32.64746863524745,-12.843989779658777,166.17172121705426,69.48426274313314,168.26946221634887,1,15.210327574385936,-16.60946012106324,9.388112233569395,-131.3147409499395,-170.95037273665488,-13.575668533089498,2,38.94333196983441,74.95435058559599,87.51250048587445,-138.1967580828966,24.108695389273716,152.66334626532273,False
219.1977517604828,-23.249989400560082,21.634312655931055,3.3763817199755977,145.93924597103364,23.15424422858831,58.78138999239289,1,27.767464226430008,-25.885019461347014,-12.024953879081313,77.2226933380544,21.008523065069483,122.28700752384259,1,33.157597218510475,51.90955686337775,55.473913442046,98.39379410923983,-59.74158166721815,-155.6903977987069,False
219.40429377555847,-2.0454728695194646,-1.2115170186069335,32.52072593685165,69.03885803728471,-96.34158947352385,7.199956291827249,2,24.43645442665462,2.668715456717372,29.901793704978815,138.3533529364497,34.292085605319386,-102.70688681848735,4,74.94565322733298,77.04967867700974,88.1921835690454,-77.77181194522373,22.60605657838175,146.24904452685527,False
219.61099100112915,37.92268934895988,-28.32226818762439,-28.655716176400876,-141.17534178091833,-112.96348645800363,-156.69986247594375,2,15.122661899878189,-8.995531939963524,24.54910238387413,-140.38580385877813,-9.344639809313719,23.644644609507793,3,76.01300169469383,164.99380549227863,105.66247648795732,177.01043381537428,71.26536364768448,135.14089676927765,False
219.81444644927979,37.92268934895988,-28.32226818762439,-28.655716176400876,-141.17534178091833,-112.96348645800363,-156.69986247594375,2,15.122661899878189,-8.995531939963524,24.54910238387413,-140.38580385877813,-9.344639809313719,23.644644609507793,3,76.01300169469383,164.99380549227863,105.66247648795732,177.01043381537428,71.26536364768448,135.14089676927765,False
220.0182158946991,22.907369332637828,-10.34636008813927,-6.666945029695043,59.82167344620311,70.73903200644546,-33.596642786698254,0,38.75245633280274,1.690161596552791,6.622726429613039,-148.25472480890693,-113.08636190062751,-111.23011402994815,1,1.719383462532278,95.71919667396003,48.34403668367274,-64.60225676916892,-59.2061171331863,-44.36006105303554,False
220.22366738319397,20.927053545104293,32.684610273940706,-18.17533435462172,52.5738365301996,104.36711782389006,49.158473402216856,2,19.44538119502026,-20.727530044367466,-15.068443091927264,169.399491684189,144.30771794763427,-31.3113906065538,3,34.917302388906755,115.55470948731158,32.77125277812989,137.65072726781312,16.76343985526366,121.3305127347861,False
220.42816829681396,7.750033778075284,18.906071436441643,-18.77460582368011,69.07122060389017,-117.4203349529151,-19.531069029487014,1,38.95466361809898,-12.689546747281675,7.036511992313038,21.76285277196368,163.71784365851585,82.18625353148605,4,69.75686384552667,129.06675444127154,32.86080244475985,-153.61328837495992,-25.507004309195114,120.53809130101155,False
220.63162398338318,23.002856657732025,14.991690676545332,21.494269684873927,48.52503964806718,-166.015764321454,58.23569850276999,0,2.6605068236165934,-33.79752717917502,7.266843988522851,-111.61413469393736,146.4066516612222,34.84176164842401,3,69.635404119108,123.40263100473584,83.70212086384008,-67.7504759293238,27.076509713436653,-135.08909025432644,False
220.83871293067932,-0.3889010719603192,10.925212354806746,-25.38872797591771,120.4620995061714,-73.84643389209722,84.26257076907109,2,-12.288554713833328,4.364207495853648,-32.67346426721435,-25.241894254368532,2.805342682344019,17.618287450471144,4,53.70639968502317,94.35217059852306,116.6530692375363,-128.07050433721693,63.66589865316087,-157.06791060411027,False
221.04139757156372,2.950762911352342,18.69835971916715,-3.6671659486212036,77.6859440156806,-68.56106727684796,-129.2222932848135,4,-25.311959881705903,-23.039692250434847,32.686453584758794,-108.06705110248346,-175.0632416188118,-114.45291025475296,3,54.6434767071453,96.73067309821636,48.3793601678548,93.18009527378253,82.9397499871791,114.60339156329022,False
221.2480034828186,18.564496294026966,9.09097507300838,-32.883129571884794,3.4440711761938303,53.072358366963755,-17.45588191855356,4,-14.05114309921614,-22.510585067778024,31.97115109854279,-26.231988039666334,115.86783177695196,60.588588098961964,0,27.910654160308788,40.88716811538083,116.852092512692,165.5625690393578,31.963288908501408,-109.08573796678452,False
221.4594645500183,24.934066254269723,0.6208845544658885,34.21103313731646,142.86706110724526,-139.36288913866485,170.02647011683575,3,-15.093653999772336,-34.517226790934785,-11.904111850741952,-18.698367628564455,-46.98239017687965,-179.41918089146708,2,49.24685563707338,70.12079703435701,62.32888880061105,70.81108816459913,37.225929469093714,114.19891566275253,False
221.67386627197266,26.83675821799268,-19.15878780488142,-34.62759440277545,39.59757861818346,63.29104862311718,80.94670619495213,3,-10.020754284789586,12.376615404109671,-3.1771305802125056,162.0157282192061,150.5335437648373,111.04093416250515,0,53.36877376590435,87.70392116110095,101.92458719119394,41.023000753922695,29.11399544217279,41.88739111173985,False
221.8793158531189,17.268152300784642,-32.52989941051947,10.94436241175493,41.826754444949955,-135.34027404335586,-51.28589148193953,3,-37.91804716975197,-13.64691627365876,-7.995788137161412,-177.6484272593719,72.26814282941388,-109.01526710433728,1,-8.112306938402142,171.13861649436353,62.866872314692536,-169.86151440422825,-48.1547813258039,63.95537469975316,False
222.0847671031952,33.35519465125769,-33.231345160532264,2.343529351433574,56.88362393726959,43.15466980200128,-155.68820840244186,2,21.299164738673177,-1.4785253768709907,-25.106056426045534,88.24041916357697,4.2464221883596736,46.93519735033436,3,72.40801532949571,132.61880724217576,4.982645802602775,66.54832905655861,-15.28684312638478,150.5693310917495,False
222.29420804977417,-8.01293087103047,15.886577759904569,-3.3399677740487377,-101.21406813345897,-135.4797471736102,88.18938150019653,1,-10.719737796905953,9.805101062601736,20.26176864621212,60.827360582984,-158.90488754877555,-59.331394034528,4,30.066532927456127,68.88809711411636,46.97426767591787,63.05270228736831,34.74355334862334,-48.86092435561805,False
222.51163005828857,27.15839768173683,35.380151285576545,-32.05794196043229,-12.639290998096158,-65.6645083956228,122.13799552381846,3,25.634030873433204,-26.61337694005221,-3.168739022294261,-127.83373671196532,-24.51371389404133,135.86803439520781,2,49.31732650342586,205.42816693709295,89.21186953071616,-34.14385309800195,14.812679984653569,35.51952595264126,False
222.71508264541626,27.15839768173683,35.380151285576545,-32.05794196043229,-12.639290998096158,-65.6645083956228,122.13799552381846,3,25.634030873433204,-26.61337694005221,-3.168739022294261,-127.83373671196532,-24.51371389404133,135.86803439520781,2,49.31732650342586,205.42816693709295,89.21186953071616,-34.14385309800195,14.812679984653569,35.51952595264126,False
